[{"title":"Test","allDay":"true","backgroundColor":"","borderColor":"","constraint":"","defId":"0","durationEditable":"false","extendedProps":{"defId":"0","hasEnd":"true","publicId":"","sourceId":"","forcedEndTzo":"","forcedStartTzo":"","instanceId":"1"},"groupId":"","hasEnd":"true","overlap":"false","publicId":"","rendering":"","sourceId":"0","startEditable":"false","textColor":"","url":"","forcedEndTzo":"","forcedStartTzo":"","instanceId":"1","start":"Wed Mar 02 2016 01:00:00 GMT+0100 (Mitteleurop\u00e4ische Normalzeit)","end":"Thu Mar 03 2016 01:00:00 GMT+0100 (Mitteleurop\u00e4ische Normalzeit)"}]